{
  "images" : [
    {
      "filename" : "lil_sprout_16x16.png",
      "idiom" : "mac",
      "scale" : "1x",
      "size" : "16x16"
    },
    {
      "filename" : "lil_sprout_1_32x32.png",
      "idiom" : "mac",
      "scale" : "2x",
      "size" : "16x16"
    },
    {
      "filename" : "lil_sprout_1_32x32 1.png",
      "idiom" : "mac",
      "scale" : "1x",
      "size" : "32x32"
    },
    {
      "filename" : "lil_sprout_2_64x64.png",
      "idiom" : "mac",
      "scale" : "2x",
      "size" : "32x32"
    },
    {
      "filename" : "lil_sprout_4_256x256_128x128.png",
      "idiom" : "mac",
      "scale" : "1x",
      "size" : "128x128"
    },
    {
      "filename" : "lil_sprout_4_256x256.png",
      "idiom" : "mac",
      "scale" : "2x",
      "size" : "128x128"
    },
    {
      "filename" : "lil_sprout_4_256x256 1.png",
      "idiom" : "mac",
      "scale" : "1x",
      "size" : "256x256"
    },
    {
      "filename" : "lil_sprout_5_512x512.png",
      "idiom" : "mac",
      "scale" : "2x",
      "size" : "256x256"
    },
    {
      "filename" : "lil_sprout_5_512x512 1.png",
      "idiom" : "mac",
      "scale" : "1x",
      "size" : "512x512"
    },
    {
      "filename" : "lil_sprout_6_1024x1024.png",
      "idiom" : "mac",
      "scale" : "2x",
      "size" : "512x512"
    }
  ],
  "info" : {
    "author" : "xcode",
    "version" : 1
  }
}
